,City,Country,Lat,Lng,Max Temp,Humidity,Cloudiness,Wind Speed,Current Description
0,Hilo,US,19.7297,-155.09,82.27,82,100,5.75,overcast clouds
1,Punta Arenas,CL,-53.15,-70.9167,48.31,43,0,8.05,clear sky
2,Barrow,US,71.2906,-156.7887,37.42,93,100,23.02,overcast clouds
3,Leshukonskoye,RU,64.8989,45.7622,44.87,98,71,5.66,broken clouds
4,Airai,TL,-8.9266,125.4092,58.42,49,97,2.77,overcast clouds
5,Mitsamiouli,KM,-11.3847,43.2844,75.72,81,5,9.89,clear sky
6,Avarua,CK,-21.2078,-159.775,80.65,74,7,4.61,clear sky
7,Buala,SB,-8.145,159.5921,81.12,84,96,19.17,moderate rain
8,Nikolskoye,RU,59.7035,30.7861,49.89,87,100,1.92,overcast clouds
9,Albany,US,42.6001,-73.9662,78.58,81,94,9.19,overcast clouds
10,La Ronge,CA,55.1001,-105.2842,66.42,39,40,9.22,scattered clouds
11,Yellowknife,CA,62.456,-114.3525,50.52,76,75,9.22,broken clouds
12,Cidreira,BR,-30.1811,-50.2056,62.85,76,34,23.24,scattered clouds
13,Ushuaia,AR,-54.8,-68.3,44.26,65,0,13.8,clear sky
14,Quatre Cocos,MU,-20.2078,57.7625,71.71,80,27,15.59,light rain
15,Saint-Philippe,RE,-21.3585,55.7679,71.19,83,54,12.68,light rain
16,Zhetysay,KZ,40.7333,68.3,64.56,30,0,4.43,clear sky
17,Nakambala,ZM,-15.8324,27.7799,74.82,27,6,10.09,clear sky
18,Cabedelo,BR,-6.9811,-34.8339,77.67,79,63,14.38,broken clouds
19,Rikitea,PF,-23.1203,-134.9692,72.28,68,51,16.58,broken clouds
20,Puerto Ayora,EC,-0.7393,-90.3518,75.16,82,73,7.0,broken clouds
21,Itarema,BR,-2.9248,-39.9167,78.22,83,40,16.71,scattered clouds
22,Carnarvon,AU,-24.8667,113.6333,64.38,59,0,19.37,clear sky
23,Abalak,RU,58.1286,68.5944,51.87,94,95,4.7,overcast clouds
24,Hermanus,ZA,-34.4187,19.2345,50.81,75,84,8.63,light rain
25,Salekhard,RU,66.53,66.6019,46.87,89,100,9.57,overcast clouds
26,Qaanaaq,GL,77.484,-69.3632,23.58,57,0,7.31,clear sky
27,Haines Junction,CA,60.7522,-137.5108,55.35,54,87,2.3,overcast clouds
28,Mayo,US,38.8876,-76.5119,87.12,55,20,9.22,few clouds
29,Vanimo,PG,-2.6741,141.3028,76.19,90,64,4.14,broken clouds
30,Mahebourg,MU,-20.4081,57.7,71.89,78,40,12.66,scattered clouds
31,Kishtwar,IN,33.3167,75.7667,59.76,66,0,3.74,clear sky
32,Busselton,AU,-33.65,115.3333,52.23,84,98,8.88,overcast clouds
33,Mahibadhoo,MV,3.7833,72.9667,81.57,71,100,7.96,overcast clouds
34,Naze,JP,28.3667,129.4833,77.92,84,100,19.08,overcast clouds
35,Hobart,AU,-42.8794,147.3294,48.06,86,75,5.75,broken clouds
36,Scarborough,GB,54.2797,-0.4044,52.92,80,91,3.0,overcast clouds
37,Camabatela,AO,-8.1881,15.375,61.14,90,28,2.04,scattered clouds
38,Ribeira Grande,PT,38.5167,-28.7,75.6,88,40,9.22,scattered clouds
39,Taltal,CL,-25.4,-70.4833,60.19,59,22,3.83,few clouds
40,Touros,BR,-5.1989,-35.4608,77.36,78,23,15.26,few clouds
41,Saint-Felicien,CA,48.6501,-72.4491,59.5,35,75,2.3,broken clouds
42,Whitehorse,CA,60.7161,-135.0538,55.09,76,75,4.61,broken clouds
43,Faanui,PF,-16.4833,-151.75,78.53,73,28,19.42,scattered clouds
44,Saint-Pierre,RE,-21.3393,55.4781,71.28,64,100,2.3,overcast clouds
45,Lagoa,PT,39.05,-27.9833,73.29,89,100,10.0,overcast clouds
46,Torbat-E Jam,IR,35.244,60.6225,68.67,29,0,9.89,clear sky
47,Methala,IN,10.2166,76.2166,78.8,92,100,2.62,overcast clouds
48,Hasaki,JP,35.7333,140.8333,79.29,90,79,19.95,broken clouds
49,Kapit,MY,2.0167,112.9333,71.78,100,90,1.21,moderate rain
50,Evensk,RU,61.95,159.2333,42.82,46,36,4.61,scattered clouds
51,Tessalit,ML,20.1986,1.0114,94.39,24,64,6.69,broken clouds
52,Champasak,LA,14.75,106.0,71.91,100,100,1.43,overcast clouds
53,Vaini,TO,-21.2,-175.2,75.36,83,40,9.22,scattered clouds
54,Tommot,RU,58.9564,126.2925,30.07,84,100,9.73,overcast clouds
55,Narsaq,GL,60.9167,-46.05,57.42,82,100,2.55,light rain
56,Alofi,NU,-19.0595,-169.9187,78.69,78,75,14.97,broken clouds
57,Cabo San Lucas,MX,22.8909,-109.9124,92.17,70,99,10.58,overcast clouds
58,Ilulissat,GL,69.2167,-51.1,42.82,93,100,1.14,light intensity drizzle
59,Taytay,PH,14.5678,121.1394,78.06,93,100,4.61,overcast clouds
60,Castro,BR,-24.7911,-50.0119,58.26,76,0,7.34,clear sky
61,Kodiak,US,57.79,-152.4072,54.91,82,100,6.91,overcast clouds
62,Mazagao,BR,-0.115,-51.2894,93.25,58,61,6.29,broken clouds
63,Kaoma,ZM,-14.7833,24.8,75.27,28,74,5.1,broken clouds
64,Toguchin,RU,55.2353,84.3858,42.89,72,18,2.89,few clouds
65,Sao Filipe,CV,14.8961,-24.4956,78.55,75,16,8.59,few clouds
66,Harper,LR,4.375,-7.7169,76.19,83,9,7.45,clear sky
67,Bluff,NZ,-46.6,168.3333,46.8,70,100,10.51,overcast clouds
68,Bredasdorp,ZA,-34.5322,20.0403,48.51,88,46,3.06,light rain
69,San Quintin,MX,30.4833,-115.95,72.21,64,0,14.61,clear sky
70,Vao,NC,-22.6667,167.4833,73.15,73,100,12.26,overcast clouds
71,Khatanga,RU,71.9667,102.5,24.84,82,11,10.27,few clouds
72,Villarrica,PY,-25.75,-56.4333,83.46,38,0,7.76,clear sky
73,Clyde River,CA,70.4692,-68.5914,35.83,93,100,9.22,overcast clouds
74,Madimba,TZ,-10.4,40.3333,73.71,85,14,9.15,few clouds
75,Tuktoyaktuk,CA,69.4541,-133.0374,50.0,76,75,11.5,broken clouds
76,Vaitape,PF,-16.5167,-151.75,78.57,73,29,19.3,scattered clouds
77,Shreveport,US,32.5251,-93.7502,94.71,48,0,9.22,clear sky
78,Vila Franca Do Campo,PT,37.7167,-25.4333,73.81,90,17,2.95,few clouds
79,Minsk,BY,53.9,27.5667,46.15,94,100,10.56,overcast clouds
80,Tasiilaq,GL,65.6145,-37.6368,46.56,95,100,20.54,heavy intensity rain
81,Butaritari,KI,3.0707,172.7902,80.85,78,9,13.71,light rain
82,Bengkulu,ID,-3.8004,102.2655,74.37,90,100,2.06,light rain
83,Lompoc,US,34.6391,-120.4579,77.85,53,40,17.27,scattered clouds
84,Inhambane,MZ,-23.865,35.3833,72.82,90,0,15.97,clear sky
85,Arraial Do Cabo,BR,-22.9661,-42.0278,69.76,68,0,13.8,clear sky
86,Skjervoy,NO,70.0311,20.9714,46.4,83,96,12.3,overcast clouds
87,Kodinsk,RU,58.6881,99.1844,46.51,96,100,3.36,overcast clouds
88,Katsuura,JP,35.1333,140.3,80.62,91,74,18.25,broken clouds
89,Fernie,CA,49.5,-115.0687,66.29,27,100,4.85,overcast clouds
90,Upernavik,GL,72.7868,-56.1549,37.45,74,99,3.69,overcast clouds
91,Kawalu,ID,-7.3817,108.2082,71.4,96,94,2.35,overcast clouds
92,Provideniya,RU,64.3833,-173.3,41.11,100,100,8.95,light intensity shower rain
93,Grindavik,IS,63.8424,-22.4338,48.67,93,100,27.63,overcast clouds
94,Tabou,CI,4.423,-7.3528,75.94,85,4,7.49,clear sky
95,Montbrison,FR,45.6667,4.0833,49.68,61,0,3.33,clear sky
96,Falmouth,GB,50.1544,-5.0711,55.98,76,100,3.44,overcast clouds
97,Bambous Virieux,MU,-20.3428,57.7575,71.85,78,40,12.66,light rain
98,Dabakala,CI,8.3667,-4.4333,72.61,94,58,3.53,broken clouds
99,Xuddur,SO,4.1213,43.8894,74.28,71,50,19.06,scattered clouds
100,Maputo,MZ,-25.9653,32.5892,73.08,91,0,15.01,clear sky
101,Coquimbo,CL,-29.9533,-71.3436,62.33,63,0,14.97,clear sky
102,Raga,SS,8.4596,25.678,70.59,95,53,1.39,broken clouds
103,Mar Del Plata,AR,-38.0023,-57.5575,53.62,97,100,11.99,fog
104,Cayenne,GF,4.9333,-52.3333,87.84,66,0,9.22,clear sky
105,Fairbanks,US,64.8378,-147.7164,55.22,58,40,12.66,scattered clouds
106,Ponta Do Sol,PT,32.6667,-17.1,74.71,97,73,4.59,light rain
107,Dunedin,NZ,-45.8742,170.5036,49.8,82,100,3.0,light rain
108,Sitka,US,57.0531,-135.33,55.29,100,100,4.61,overcast clouds
109,Sorland,NO,67.667,12.6934,48.06,83,100,31.99,light rain
110,Tsiroanomandidy,MG,-18.7667,46.0333,69.19,50,79,7.45,broken clouds
111,Kapaa,US,22.0752,-159.319,83.12,75,40,11.5,scattered clouds
112,Klaksvik,FO,62.2266,-6.589,41.92,70,99,7.43,overcast clouds
113,Jangaon,IN,17.7167,79.1833,74.82,86,100,8.03,overcast clouds
114,Bilma,NE,18.6853,12.9164,87.4,44,35,17.18,scattered clouds
115,Kudahuvadhoo,MV,2.6708,72.8944,81.63,69,96,7.49,overcast clouds
116,Ostrovnoy,RU,68.0531,39.5131,46.96,97,100,6.2,overcast clouds
117,Atuona,PF,-9.8,-139.0333,76.64,76,9,22.1,clear sky
118,San Patricio,US,28.017,-97.5169,94.17,54,60,13.47,broken clouds
119,Thunder Bay,CA,48.4001,-89.3168,67.91,83,100,12.66,overcast clouds
120,Tilichiki,RU,60.4667,166.1,38.73,63,0,5.73,clear sky
121,Savalou,BJ,7.9281,1.9756,72.16,94,99,3.09,overcast clouds
122,Kruisfontein,ZA,-34.0033,24.7314,52.36,84,100,6.4,light rain
123,Moncton,CA,46.1159,-64.8019,61.32,51,75,8.05,broken clouds
124,Half Moon Bay,US,37.4636,-122.4286,69.78,86,100,27.63,mist
125,Tampin,MY,2.4701,102.2302,76.42,94,92,0.72,overcast clouds
126,Novyy Urengoy,RU,66.0833,76.6333,47.52,92,100,10.89,overcast clouds
127,Sarkand,KZ,45.41,79.9186,59.52,33,52,4.88,broken clouds
128,Portree,GB,57.4129,-6.1942,53.53,91,100,1.79,overcast clouds
129,Aitape,PG,-3.1374,142.3475,77.13,84,36,4.61,scattered clouds
130,Copiapo,CL,-27.3667,-70.3333,56.89,31,0,7.83,clear sky
131,Suihua,CN,46.6406,126.9969,43.14,73,6,8.77,clear sky
132,Mataura,NZ,-46.1927,168.8643,46.47,69,100,2.55,overcast clouds
133,Arcata,US,40.8665,-124.0828,63.19,90,100,5.75,overcast clouds
134,Pringsewu,ID,-5.3582,104.9744,73.13,97,100,3.42,overcast clouds
135,Torbay,CA,47.6666,-52.7314,56.5,71,40,19.57,scattered clouds
136,Kaitangata,NZ,-46.2817,169.8464,50.04,65,99,3.02,moderate rain
137,Ust-Nera,RU,64.5667,143.2,38.07,65,100,4.23,overcast clouds
138,Banda Aceh,ID,5.5577,95.3222,78.94,75,100,11.03,overcast clouds
139,Selikhino,RU,50.3672,137.4996,52.57,88,57,14.92,broken clouds
140,Kidal,ML,18.4411,1.4078,89.73,40,100,9.91,overcast clouds
141,Churapcha,RU,62.0025,132.4325,29.08,88,100,10.69,overcast clouds
142,New Norfolk,AU,-42.7826,147.0587,47.71,78,100,1.99,overcast clouds
143,Comodoro Rivadavia,AR,-45.8667,-67.5,44.46,65,75,9.22,light rain
144,Port Elizabeth,ZA,-33.918,25.5701,54.32,94,20,12.66,light rain
145,Lagunas,PE,-5.2269,-75.6753,97.3,29,44,4.14,scattered clouds
146,Kahului,US,20.8947,-156.47,89.62,58,20,23.02,few clouds
147,Camana,PE,-16.6228,-72.7111,62.26,78,63,10.87,broken clouds
148,Guerrero Negro,MX,27.9769,-114.0611,74.44,61,0,14.76,clear sky
149,Bontang,ID,0.1333,117.5,78.51,86,92,1.74,overcast clouds
150,Qobu,AZ,40.4047,49.7131,74.52,79,0,8.37,clear sky
151,Sinnar,SD,13.5691,33.5672,81.46,65,54,7.7,broken clouds
152,Bandarbeyla,SO,9.4942,50.8122,77.11,83,8,18.57,clear sky
153,Hervey Bay,AU,-25.2986,152.8535,65.35,73,0,5.1,clear sky
154,Hofn,IS,64.2539,-15.2082,45.93,73,8,3.2,clear sky
155,Westport,US,41.1415,-73.3579,84.61,60,0,11.5,clear sky
156,Saskylakh,RU,71.9167,114.0833,32.22,98,100,6.55,light snow
157,Champerico,GT,14.3,-91.9167,90.14,76,100,7.47,overcast clouds
158,Ancud,CL,-41.8697,-73.8203,43.23,68,93,9.22,overcast clouds
159,Bakchar,RU,57.0186,82.0711,45.95,73,76,7.74,broken clouds
160,Nago,JP,26.5881,127.9761,81.03,82,100,14.99,overcast clouds
161,Maneadero,MX,31.7167,-116.5667,73.35,57,0,9.44,clear sky
162,Thompson,CA,55.7435,-97.8558,55.56,94,100,0.0,mist
163,Baruun-Urt,MN,46.6806,113.2792,36.7,68,1,7.99,clear sky
164,Shelburne,CA,44.0787,-80.2041,73.76,75,47,15.05,scattered clouds
165,Mandalgovi,MN,45.7625,106.2708,35.94,55,2,9.48,clear sky
166,Hay River,CA,60.8156,-115.7999,66.18,37,75,8.05,broken clouds
167,Puerto Escondido,MX,15.85,-97.0667,82.89,77,98,12.35,overcast clouds
168,Oeiras Do Para,BR,-2.0031,-49.8544,85.6,59,94,5.95,overcast clouds
169,Tonantins,BR,-2.8731,-67.8022,84.43,66,100,2.1,overcast clouds
170,Itoman,JP,26.1247,127.6694,80.98,83,75,19.57,broken clouds
171,Jeremie,HT,18.65,-74.1167,85.84,65,10,5.93,clear sky
172,Okha,RU,53.5739,142.9478,52.12,97,100,15.32,overcast clouds
173,Norman Wells,CA,65.282,-126.8329,55.44,50,75,9.22,broken clouds
174,Cape Town,ZA,-33.9258,18.4232,56.26,69,20,12.66,light rain
175,Brigantine,US,39.4101,-74.3646,83.19,63,0,11.5,clear sky
176,Bubaque,GW,11.2833,-15.8333,79.45,78,100,9.62,light rain
177,Sanica,BA,44.6142,16.6411,51.13,82,37,5.21,scattered clouds
178,Mityana,UG,0.4175,32.0228,62.49,95,88,2.26,overcast clouds
179,Vestmannaeyjar,IS,63.4427,-20.2734,48.7,85,100,32.08,light rain
180,Victoria,HK,22.2855,114.1577,81.32,83,64,5.01,broken clouds
181,Fortuna,US,40.5982,-124.1573,62.92,88,100,3.0,overcast clouds
182,Coahuayana,MX,18.7333,-103.6833,76.86,95,100,2.04,overcast clouds
183,Yulara,AU,-25.2406,130.9889,58.84,31,0,8.97,clear sky
184,Victor Harbor,AU,-35.5667,138.6167,48.69,80,89,5.26,overcast clouds
185,Yumen,CN,40.2833,97.2,66.45,38,100,13.18,overcast clouds
186,Lavrentiya,RU,65.5833,-171.0,38.12,87,100,11.68,overcast clouds
187,Palu,ID,-0.8917,119.8707,73.98,94,100,3.71,overcast clouds
188,Port Alfred,ZA,-33.5906,26.891,57.18,96,100,3.0,light rain
189,Durant,US,33.994,-96.3708,100.49,33,75,9.22,broken clouds
190,Erzin,TR,36.9559,36.2,73.2,80,0,1.39,clear sky
191,Medicine Hat,CA,50.0501,-110.6683,73.22,37,75,0.0,broken clouds
192,Olafsvik,IS,64.8945,-23.7142,49.17,91,100,16.55,light rain
193,Balkanabat,TM,39.5108,54.3671,80.1,23,0,12.01,clear sky
194,Ouegoa,NC,-20.35,164.4333,76.93,75,11,12.59,few clouds
195,Dikson,RU,73.5069,80.5464,30.97,78,12,17.25,few clouds
196,Baisha,CN,26.5222,110.9311,75.2,66,3,0.51,clear sky
197,Katerero,TZ,-1.4,31.7333,68.88,72,93,3.85,overcast clouds
198,Talcahuano,CL,-36.7167,-73.1167,51.48,58,40,11.5,scattered clouds
199,Grand Gaube,MU,-20.0064,57.6608,72.0,74,2,5.99,clear sky
200,Puerto Madryn,AR,-42.7692,-65.0385,47.62,49,100,20.31,overcast clouds
201,Kirakira,SB,-10.4544,161.9205,82.38,81,95,14.38,overcast clouds
202,San Cristobal,VE,7.7669,-72.225,84.38,67,23,5.35,few clouds
203,Husavik,IS,66.0449,-17.3389,48.92,71,20,6.96,few clouds
204,Kamaishi,JP,39.2667,141.8833,75.69,97,100,14.2,overcast clouds
205,Iqaluit,CA,63.7506,-68.5145,46.13,61,20,19.57,few clouds
206,Puerto Maldonado,PE,-12.6,-69.1833,93.6,43,20,8.05,few clouds
207,Aklavik,CA,68.2191,-135.0107,50.99,61,95,13.22,overcast clouds
208,Kizlyar,RU,43.8469,46.715,72.28,81,0,17.54,clear sky
209,Saint George,US,37.1041,-113.5841,92.25,19,0,8.05,clear sky
210,Nome,US,64.5011,-165.4064,46.47,87,100,25.32,light rain
211,Bethel,US,41.3712,-73.414,83.35,62,0,9.22,clear sky
212,Odweyne,SO,9.4092,45.064,79.99,42,52,12.33,broken clouds
213,East London,ZA,-33.0153,27.9116,59.5,88,100,8.39,moderate rain
214,Paamiut,GL,61.994,-49.6678,43.75,93,91,6.11,overcast clouds
215,Ayan,RU,56.45,138.1667,47.84,88,100,13.73,light rain
216,Silver City,US,32.7701,-108.2803,86.68,33,40,10.36,scattered clouds
217,Los Llanos De Aridane,ES,28.6585,-17.9182,71.35,91,100,8.05,overcast clouds
218,Jamestown,US,42.097,-79.2353,76.01,55,100,9.22,overcast clouds
219,Asau,RO,46.4333,26.4,54.52,71,20,13.65,few clouds
220,Yar-Sale,RU,66.8333,70.8333,45.45,96,100,9.26,overcast clouds
221,Tiznit,MA,29.5833,-9.5,65.71,76,0,4.54,clear sky
222,High Level,CA,58.5169,-117.136,51.91,93,75,6.91,broken clouds
223,Hithadhoo,MV,-0.6,73.0833,81.5,75,97,8.99,overcast clouds
224,Batsfjord,NO,70.6345,29.7185,46.33,100,100,14.97,mist
225,Arlit,NE,18.7369,7.3853,96.04,24,100,6.6,overcast clouds
226,Socorro,US,31.6546,-106.3033,91.51,38,75,11.5,broken clouds
227,Guarapari,BR,-20.6667,-40.4975,68.9,71,13,7.2,few clouds
228,Parsons,US,37.3403,-95.2611,100.69,24,0,18.77,clear sky
229,Avdon,RU,54.6667,55.7167,60.12,93,75,4.47,mist
230,Riyadh,SA,24.6877,46.7219,89.74,15,0,5.73,clear sky
231,Indramayu,ID,-6.3264,108.32,79.12,75,76,7.47,broken clouds
232,Viedma,AR,-40.8135,-62.9967,46.36,94,100,22.73,moderate rain
233,Inuvik,CA,68.3499,-133.7218,54.61,56,75,5.75,broken clouds
234,Olinda,BR,-8.0089,-34.8553,78.53,69,40,11.5,scattered clouds
235,Severo-Kurilsk,RU,50.6789,156.125,51.71,94,84,16.55,broken clouds
236,Bay Roberts,CA,47.5999,-53.2648,56.34,70,46,7.0,scattered clouds
237,Ndjole,GA,-0.1783,10.7649,74.53,95,94,4.12,light rain
238,Bitung,ID,1.4451,125.1824,72.45,86,85,4.12,overcast clouds
239,Poum,NC,-20.2333,164.0167,75.2,77,5,8.57,clear sky
240,Ahuimanu,US,21.4447,-157.8378,82.85,70,75,10.36,broken clouds
241,Varhaug,NO,58.6147,5.6457,54.48,80,4,17.34,clear sky
242,Waitati,NZ,-45.75,170.5667,49.8,82,100,4.97,light rain
243,Chokurdakh,RU,70.6333,147.9167,32.49,72,13,7.09,few clouds
244,Kavieng,PG,-2.5744,150.7967,81.37,79,61,11.92,light rain
245,Kabakovo,RU,54.5369,56.1517,61.09,94,75,4.47,mist
246,Lincoln,US,40.8,-96.667,92.14,62,100,10.36,overcast clouds
247,Exu,BR,-7.5119,-39.7242,78.71,30,96,5.53,overcast clouds
248,Tura,IN,25.5198,90.2201,74.77,95,89,3.15,overcast clouds
249,Umtata,ZA,-31.5889,28.7844,56.66,93,100,4.52,light rain
250,Chuy,UY,-33.6971,-53.4616,59.56,79,100,10.74,overcast clouds
251,Salamanca,ES,40.8333,-6.0,73.62,43,56,3.29,broken clouds
252,Valleyview,CA,55.0667,-117.2859,59.04,58,94,8.05,overcast clouds
253,Lebu,CL,-37.6167,-73.65,48.52,58,8,8.75,clear sky
254,Deputatskiy,RU,69.3,139.9,28.2,97,100,3.74,overcast clouds
255,Pierre,US,44.3683,-100.351,83.28,64,0,3.44,clear sky
256,Lorengau,PG,-2.0226,147.2712,81.21,76,49,4.18,scattered clouds
257,Hamilton,US,39.1834,-84.5333,85.6,53,40,12.66,scattered clouds
258,Ossora,RU,59.2353,163.0719,43.88,56,1,5.28,clear sky
259,Broome,US,42.2506,-75.833,78.71,68,100,6.91,overcast clouds
260,Ust-Kan,RU,50.9276,84.761,38.1,72,0,3.02,clear sky
261,Forbes,AU,-33.3833,148.0167,45.91,87,95,4.61,overcast clouds
262,Dubbo,AU,-32.25,148.6167,41.13,100,99,0.0,overcast clouds
263,Biggar,GB,55.6167,-3.5167,52.29,84,100,2.06,overcast clouds
264,Nenton,GT,15.8,-91.75,78.03,82,99,1.48,overcast clouds
265,Innisfail,AU,-17.5333,146.0333,75.94,90,56,3.15,broken clouds
266,Manyana,BW,-23.4,21.7167,77.31,17,98,14.25,overcast clouds
267,Souillac,MU,-20.5167,57.5167,71.98,78,40,12.66,scattered clouds
268,Berdigestyakh,RU,62.0989,126.6992,31.48,93,100,7.58,light snow
269,Byron Bay,AU,-28.65,153.6167,55.71,54,0,4.18,clear sky
270,Richards Bay,ZA,-28.783,32.0377,66.09,93,21,3.13,few clouds
271,Maua,BR,-23.6678,-46.4614,64.2,80,32,9.62,scattered clouds
272,Mount Isa,AU,-20.7333,139.5,62.37,39,40,0.0,scattered clouds
273,Robertsport,LR,6.7533,-11.3686,76.98,80,56,9.82,broken clouds
274,Bucerias,MX,20.75,-105.3333,85.98,78,100,6.82,overcast clouds
275,Honiara,SB,-9.4333,159.95,81.63,76,100,9.4,overcast clouds
276,Te Anau,NZ,-45.4167,167.7167,44.94,96,100,3.58,overcast clouds
277,Laguna,US,38.421,-121.4238,78.08,59,100,25.32,light rain
278,Pestretsy,RU,55.7531,49.6545,59.14,76,100,12.57,overcast clouds
279,Vostok,RU,46.4856,135.8833,45.3,94,32,5.44,scattered clouds
280,Pisco,PE,-13.7,-76.2167,64.45,77,20,9.22,few clouds
281,Moree,AU,-29.4667,149.85,54.9,65,0,2.04,clear sky
282,Alice Springs,AU,-23.7,133.8833,57.22,26,10,6.91,clear sky
283,Eyl,SO,7.9803,49.8164,77.29,79,79,18.66,broken clouds
284,Santa Maria,BR,-29.6842,-53.8069,72.7,46,0,10.36,moderate rain
285,Calvinia,ZA,-31.4707,19.776,41.68,72,23,3.36,few clouds
286,Alta Floresta,BR,-9.8756,-56.0861,84.02,61,40,11.5,thunderstorm
287,Nanortalik,GL,60.1432,-45.2371,45.97,82,100,6.08,overcast clouds
288,Potsdam,DE,52.3989,13.0657,51.12,96,100,1.99,overcast clouds
289,Parati,BR,-23.2178,-44.7131,63.36,88,71,2.95,broken clouds
290,Koslan,RU,63.4564,48.8989,45.0,96,14,4.61,few clouds
291,Vila Velha,BR,-20.3297,-40.2925,71.55,76,75,13.8,broken clouds
292,Road Town,VG,18.4167,-64.6167,80.69,86,100,26.51,light rain
293,Lakheri,IN,25.6667,76.1667,78.6,65,1,5.91,clear sky
294,Luanda,AO,-8.8368,13.2343,71.4,90,53,9.6,broken clouds
295,Ponta Delgada,PT,37.7333,-25.6667,72.32,88,20,4.61,few clouds
296,Pacific Grove,US,36.6177,-121.9166,64.69,85,100,18.01,light rain
297,Borogontsy,RU,62.6683,131.1683,30.92,79,100,10.16,overcast clouds
298,Jinchang,CN,38.4953,102.1739,55.56,88,100,5.35,overcast clouds
299,Esperance,AU,-33.8667,121.9,51.4,90,49,5.35,scattered clouds
300,Mackenzie,CA,55.2999,-123.1698,55.62,67,40,9.22,scattered clouds
301,Kirillov,RU,59.863,38.3813,47.53,90,91,4.63,overcast clouds
302,Coos Bay,US,43.3665,-124.2179,70.32,88,40,3.44,scattered clouds
303,Trairi,BR,-3.2778,-39.2689,78.06,82,44,11.56,scattered clouds
304,Dohar,BD,23.5883,90.1469,82.38,89,98,8.43,overcast clouds
305,Dicabisagan,PH,17.0818,122.4157,77.05,88,99,3.04,light rain
306,Launceston,AU,-41.45,147.1667,42.8,97,40,0.0,mist
307,Codrington,AU,-38.2667,141.9667,43.32,94,39,8.84,scattered clouds
308,Pevek,RU,69.7008,170.3133,32.61,97,100,17.81,light snow
309,Anadyr,RU,64.75,177.4833,36.1,100,75,11.18,light intensity drizzle rain
310,Krasnoarmeysk,RU,51.0239,45.6969,67.64,67,90,12.01,overcast clouds
311,Helena,US,46.5927,-112.0361,74.41,42,0,5.99,clear sky
312,Pitsunda,GE,43.1592,40.3378,71.78,53,58,1.77,broken clouds
313,Havoysund,NO,70.9963,24.6622,46.63,89,100,17.76,overcast clouds
314,Ranong,TH,9.9658,98.6348,78.26,87,86,10.76,light rain
315,Bend,US,44.0582,-121.3153,55.47,77,100,6.91,overcast clouds
316,Braganca,BR,-1.0536,-46.7656,79.0,78,95,4.94,overcast clouds
317,Sur,OM,22.5667,59.5289,82.0,76,6,15.3,clear sky
318,Dhidhdhoo,MV,6.8833,73.1,80.94,77,100,10.16,overcast clouds
319,Sumbe,AO,-11.2061,13.8437,71.58,86,90,7.92,overcast clouds
320,Leningradskiy,RU,69.3833,178.4167,33.35,98,100,21.16,light snow
321,Nortelandia,BR,-14.4547,-56.8028,92.73,30,100,4.41,overcast clouds
322,Cruzilia,BR,-21.8386,-44.8083,62.1,45,0,5.32,clear sky
323,Ambon,ID,-3.6954,128.1814,77.14,16,40,3.44,scattered clouds
324,La Reforma,MX,25.0833,-108.05,87.84,71,98,8.32,overcast clouds
325,Kalakamati,BW,-20.5929,27.3121,68.85,24,0,8.5,clear sky
326,Hovd,MN,48.0056,91.6419,42.22,54,0,5.1,clear sky
327,Talnakh,RU,69.4865,88.3972,45.21,100,100,1.95,light rain
328,Praia Da Vitoria,PT,38.7333,-27.0667,75.45,94,20,8.61,few clouds
329,Marina,US,36.6844,-121.8022,72.14,75,75,20.71,light rain
330,Baykit,RU,61.67,96.37,45.54,96,100,3.38,overcast clouds
331,Xining,CN,36.6167,101.7667,56.03,81,100,0.69,overcast clouds
332,Fairview,US,40.8126,-73.999,85.55,49,0,13.8,clear sky
333,Nuevo Progreso,MX,23.1667,-97.95,84.54,70,94,8.57,overcast clouds
334,Kargasok,RU,59.0556,80.8572,48.83,92,100,15.3,moderate rain
335,Georgetown,MY,5.4112,100.3354,78.89,90,20,3.44,few clouds
336,La Asuncion,VE,11.0333,-63.8628,83.61,74,96,8.63,overcast clouds
337,Zaranj,AF,30.9667,61.8833,80.56,23,0,16.26,clear sky
338,Inirida,CO,3.8653,-67.9239,86.95,66,79,2.46,broken clouds
339,Chapais,CA,49.7834,-74.8492,58.78,28,91,5.88,overcast clouds
340,Glyadyanskoye,RU,54.9075,65.0883,61.5,59,82,6.89,broken clouds
341,Sao Francisco De Assis,BR,-29.5503,-55.1311,67.44,59,100,7.25,light rain
342,Arman,RU,59.7,150.1667,44.02,79,100,5.06,overcast clouds
343,Ileza,RU,61.0533,43.9002,46.06,89,80,4.59,broken clouds
344,Manzanillo,CU,20.3433,-77.1167,90.55,51,16,5.48,few clouds
345,Bayir,TR,37.2687,28.2167,66.72,84,0,1.79,clear sky
346,Goderich,CA,43.7501,-81.7165,77.32,65,36,12.66,scattered clouds
347,Alugan,PH,12.2188,125.4808,78.35,87,100,5.7,moderate rain
348,Margate,GB,51.3813,1.3862,57.87,72,99,8.01,overcast clouds
349,Qaqortoq,GL,60.7167,-46.0333,46.09,95,100,3.31,light rain
350,Smithers,CA,54.7804,-127.1743,55.72,62,20,5.75,few clouds
351,Srednekolymsk,RU,67.45,153.6833,35.64,63,15,8.66,few clouds
352,Port Hardy,CA,50.6996,-127.4199,53.6,87,40,3.44,fog
353,Saint-Junien,FR,45.8833,0.9,58.84,51,0,4.5,clear sky
354,Ucluelet,CA,48.9329,-125.5528,68.09,53,2,1.99,clear sky
355,Namibe,AO,-15.1961,12.1522,62.78,86,78,11.34,broken clouds
356,Carsamba,TR,41.1989,36.7219,74.79,88,75,6.91,broken clouds
357,Adelaide,AU,-34.9333,138.6,53.08,70,100,3.44,overcast clouds
358,Saldanha,ZA,-33.0117,17.9442,55.45,67,70,25.3,broken clouds
359,Porto Murtinho,BR,-21.6989,-57.8825,98.26,23,1,6.51,clear sky
360,Ust-Ishim,RU,57.6935,71.1665,56.62,55,99,4.41,overcast clouds
361,Yaan,NG,7.3833,8.5667,72.86,95,86,7.16,moderate rain
362,Aswan,EG,24.0934,32.907,88.9,40,0,4.61,clear sky
363,Nenjiang,CN,49.1833,125.2167,37.42,50,7,14.81,clear sky
364,Nanakuli,US,21.3906,-158.1547,83.1,65,100,10.36,overcast clouds
365,Sola,VU,-13.8833,167.55,80.38,80,89,24.25,overcast clouds
366,Kaitong,CN,44.8135,123.15,47.14,42,0,8.1,clear sky
367,Orkney,ZA,-26.9802,26.6727,68.79,19,96,7.78,overcast clouds
368,Buin,CL,-33.7333,-70.75,55.74,62,93,6.02,overcast clouds
369,Longyearbyen,SJ,78.2186,15.6401,31.84,74,75,6.91,broken clouds
370,Denham Springs,US,30.4869,-90.9562,91.94,59,93,5.01,overcast clouds
371,Kemijarvi,FI,66.7131,27.4306,46.71,96,100,9.13,overcast clouds
372,Waipawa,NZ,-41.4122,175.5153,53.15,68,100,8.61,light rain
373,Sao Joao Da Barra,BR,-21.6403,-41.0511,71.69,67,1,12.88,clear sky
374,Blagoyevo,RU,63.3667,47.9167,46.29,96,57,4.97,broken clouds
375,Lusaka,ZM,-15.4067,28.2871,71.92,27,8,9.53,clear sky
376,Biltine,TD,14.5333,20.9167,82.96,62,40,5.95,scattered clouds
377,Tiksi,RU,71.6872,128.8694,31.98,70,97,4.52,overcast clouds
378,Tuatapere,NZ,-46.1333,167.6833,49.84,82,100,6.91,light rain
379,Tiarei,PF,-17.5333,-149.3333,82.42,69,7,19.51,clear sky
380,Mount Gambier,AU,-37.8333,140.7667,43.99,93,7,5.14,clear sky
381,Marystown,CA,47.1666,-55.1483,54.16,59,1,24.76,clear sky
382,Novoagansk,RU,61.9449,76.6625,49.71,94,100,11.95,overcast clouds
383,Chiredzi,ZW,-21.05,31.6667,76.48,39,0,10.89,clear sky
384,Honningsvag,NO,70.9821,25.9704,46.15,87,75,23.02,broken clouds
385,Guantanamo,CU,20.1444,-75.2092,90.97,46,6,13.56,clear sky
386,Mehamn,NO,71.0357,27.8492,46.31,100,75,11.5,light rain
387,Safakulevo,RU,54.9901,62.5442,61.7,74,100,6.17,overcast clouds
388,The Pas,CA,53.8251,-101.2541,66.22,59,20,10.36,few clouds
389,Jibuti,DJ,11.5,42.5,88.5,45,65,3.22,broken clouds
390,Lovington,US,32.944,-103.3485,91.33,34,0,3.0,clear sky
391,Komsomolskiy,UZ,40.4272,71.7189,66.92,48,31,6.91,scattered clouds
392,Vardo,NO,70.3705,31.1107,46.38,93,75,14.97,broken clouds
393,Ternate,ID,0.8,127.4,79.56,80,98,4.63,overcast clouds
394,Saquena,PE,-4.6667,-73.5167,96.39,33,55,0.63,broken clouds
395,Houma,US,29.5958,-90.7195,91.0,68,40,6.91,scattered clouds
396,Buchanan,LR,5.8808,-10.0467,75.67,85,66,7.67,broken clouds
397,Dalianwan,CN,39.0286,121.695,68.04,37,0,11.18,clear sky
398,Cherskiy,RU,68.75,161.3,34.25,66,100,3.18,overcast clouds
399,Santa Isabel Do Rio Negro,BR,-0.4139,-65.0192,77.86,86,100,5.97,overcast clouds
400,Havre-Saint-Pierre,CA,50.2334,-63.5986,51.8,57,100,17.92,overcast clouds
401,Aguimes,ES,27.9054,-15.4461,72.23,83,40,6.91,scattered clouds
402,Nouakchott,MR,18.0858,-15.9785,82.33,71,84,16.17,broken clouds
403,Belyy Yar,RU,53.6039,91.3903,37.29,93,0,4.47,clear sky
404,Caravelas,BR,-17.7125,-39.2481,69.82,74,43,7.34,scattered clouds
405,Balabac,PH,7.9868,117.0645,80.62,81,100,5.73,overcast clouds
406,Haimen,CN,23.1935,116.6142,80.49,83,40,4.79,scattered clouds
407,Ust-Kuyga,RU,70.0167,135.6,32.76,87,100,6.33,overcast clouds
408,Kieta,PG,-6.2167,155.6333,79.12,86,100,8.14,light rain
409,Zhelyabovka,UA,45.3988,34.7578,63.91,50,100,10.94,overcast clouds
410,Acarau,BR,-2.8856,-40.12,78.64,82,53,17.05,broken clouds
411,Cabo Rojo,PR,18.0866,-67.1457,76.96,96,100,28.99,heavy intensity rain
412,Avera,US,33.194,-82.5271,87.55,55,100,0.31,overcast clouds
413,Kapoeta,SS,4.7717,33.5903,80.26,40,81,7.2,broken clouds
414,Hambantota,LK,6.1241,81.1185,79.18,83,100,15.37,overcast clouds
415,Coihaique,CL,-45.5752,-72.0662,45.21,70,100,4.61,overcast clouds
416,Uruzgan,AF,32.8333,66.0,68.16,15,0,1.3,clear sky
417,Axim,GH,4.8699,-2.2405,75.16,90,27,8.23,scattered clouds
418,Male,MV,4.1748,73.5089,82.35,78,20,6.91,few clouds
419,Zeya,RU,53.75,127.2667,32.68,77,75,13.18,broken clouds
420,Khakhea,BW,-24.6895,23.494,74.21,22,93,5.53,overcast clouds
421,Bathsheba,BB,13.2167,-59.5167,84.81,79,40,11.5,scattered clouds
422,Nador,MA,35.174,-2.9287,77.25,78,100,13.8,overcast clouds
423,Torrevieja,ES,37.9787,-0.6822,78.12,66,100,20.78,overcast clouds
424,San Jose,US,37.3394,-121.895,71.2,76,75,17.27,broken clouds
425,Lubao,PH,14.9167,120.55,80.31,90,99,4.21,light rain
426,Murdochville,CA,48.9583,-65.5006,47.28,54,6,10.16,clear sky
427,Buncrana,IE,55.1333,-7.45,58.77,89,6,2.57,clear sky
428,Pomabamba,PE,-8.8333,-77.4667,64.08,41,64,5.66,light rain
429,Zyryanovsk,KZ,49.7386,84.2719,45.77,56,0,1.97,clear sky
430,Mashhad,IR,36.297,59.6062,68.14,42,0,4.61,clear sky
431,Umm Lajj,SA,25.0213,37.2685,84.27,54,1,6.15,clear sky
432,Stepnyak,KZ,52.8339,70.7803,48.9,45,0,7.49,clear sky
433,Ambovombe,MG,-25.1667,46.0833,71.6,64,1,5.28,clear sky
434,Banyo,CM,6.75,11.8167,66.45,96,100,2.73,light rain
435,Jaca,ES,42.569,-0.5499,62.98,77,82,2.51,broken clouds
436,Zelenoborsk,RU,61.4669,64.0333,48.96,81,5,9.1,clear sky
437,Langenburg,DE,49.2544,9.8458,49.93,87,100,14.97,light rain
438,Samdrup Jongkhar,BT,26.9167,91.6167,70.34,91,77,4.27,broken clouds
439,Walvis Bay,NA,-22.9575,14.5053,56.35,67,0,11.5,clear sky
440,Inongo,CD,-1.95,18.2667,68.81,98,100,3.36,overcast clouds
441,Turhal,TR,40.3875,36.0811,66.16,66,2,5.57,clear sky
442,Acari,PE,-15.4311,-74.6158,69.17,64,58,8.68,broken clouds
443,Kochki,RU,54.3358,80.4806,45.55,58,2,3.13,clear sky
444,Tabas,IR,33.5959,56.9244,79.02,21,0,4.61,clear sky
445,La Primavera,CO,5.4906,-70.4092,88.25,58,71,5.23,broken clouds
446,Matagalpa,NI,12.9256,-85.9175,85.01,69,75,11.5,broken clouds
447,Samarai,PG,-10.6167,150.6667,81.16,83,94,15.46,overcast clouds
448,Chakrata,IN,30.7,77.85,54.59,90,1,5.23,clear sky
449,Bara,NG,10.3744,10.7288,74.48,90,100,3.65,moderate rain
450,Visby,SE,57.6409,18.296,50.05,93,27,3.44,scattered clouds
451,Gilgit,PK,35.9221,74.3087,71.78,43,7,3.42,clear sky
452,Boguchany,RU,58.3814,97.4531,47.34,86,99,1.97,overcast clouds
453,Humaita,BR,-7.5061,-63.0208,93.42,40,90,4.76,overcast clouds
454,Catamarca,AR,-28.4696,-65.7852,80.78,24,0,5.01,clear sky
455,Luderitz,NA,-26.6481,15.1594,53.13,71,0,17.96,clear sky
456,Sobolevo,RU,54.4299,31.8996,49.32,97,100,13.98,heavy intensity rain
457,Kysyl-Syr,RU,63.8986,122.7617,30.52,83,93,8.28,overcast clouds
458,Camaqua,BR,-30.8511,-51.8122,62.51,73,82,10.04,broken clouds
459,West Bay,KY,19.3667,-81.4167,87.87,75,20,6.91,few clouds
460,Kenora,CA,49.8167,-94.4337,65.37,72,75,10.36,broken clouds
461,Basqal,AZ,40.7552,48.391,63.63,66,0,2.77,clear sky
462,Taiyuan,CN,37.8694,112.5603,67.86,49,0,6.71,clear sky
463,Miraflores,MX,19.2167,-98.8083,68.65,86,100,1.05,overcast clouds
464,Bria,CF,6.5423,21.9863,69.35,93,100,1.52,overcast clouds
465,Chopda,IN,21.25,75.3,75.09,92,100,7.36,overcast clouds
466,Necochea,AR,-38.5473,-58.7368,58.1,79,100,15.17,overcast clouds
467,Sinazongwe,ZM,-17.2614,27.4618,74.88,42,1,1.36,clear sky
468,Chulman,RU,56.8479,124.9104,25.25,83,98,16.71,overcast clouds
469,Tavricheskoye,RU,54.5851,73.6395,49.91,42,17,9.15,few clouds
470,Noumea,NC,-22.2763,166.4572,73.99,99,0,6.78,clear sky
471,Shache,CN,38.4167,77.2406,70.95,30,100,5.1,overcast clouds
472,San Angelo,US,31.4638,-100.437,95.11,34,0,13.8,clear sky
473,Alanya,TR,36.5438,31.9998,77.13,69,0,3.04,clear sky
474,Karratha,AU,-20.7377,116.8463,68.31,57,0,14.81,clear sky
475,Dauphin,CA,51.1494,-100.0502,69.94,60,0,2.3,clear sky
476,Porto Santo,PT,33.072,-16.3415,71.98,78,40,11.5,scattered clouds
477,Auki,SB,-8.7676,160.7034,76.8,93,100,8.32,overcast clouds
478,Ugoofaaru,MV,5.6667,73.0,81.01,76,100,8.77,overcast clouds
479,Nantucket,US,41.2835,-70.0995,77.14,69,0,19.57,clear sky
480,Praya,CV,14.9215,-23.5087,79.34,73,20,10.36,few clouds
481,Muscat,OM,23.6139,58.5922,87.82,72,31,4.9,scattered clouds
482,Oxbow,CA,49.2333,-102.1676,72.64,38,0,12.86,clear sky
483,Romblon,PH,12.5751,122.2708,82.8,77,98,17.87,moderate rain
484,Maningrida,AU,-12.0667,134.2667,76.69,82,95,3.49,overcast clouds
485,Scalea,IT,39.813,15.7956,68.97,50,94,5.86,overcast clouds
486,Miandrivazo,MG,-19.5167,45.4667,74.91,51,1,3.0,clear sky
487,Saint-Prosper,CA,46.2117,-70.4811,57.49,75,100,4.41,overcast clouds
488,Saint-Francois,FR,46.4154,3.9054,45.84,87,0,1.14,clear sky
489,Jackson,US,42.4165,-122.8345,68.92,64,20,3.44,few clouds
490,Teknaf,BD,20.8624,92.3058,78.31,92,100,12.46,overcast clouds
491,Northam,GB,51.0333,-4.2167,57.61,74,35,8.01,scattered clouds
492,San Pedro,PH,14.35,121.0167,77.36,93,100,4.61,overcast clouds
493,Charters Towers,AU,-20.1,146.2667,69.8,93,30,8.1,scattered clouds
494,Eyrarbakki,IS,63.863,-21.1481,48.25,89,100,14.76,overcast clouds
495,Lanivtsi,UA,49.8633,26.0908,47.03,92,100,18.12,overcast clouds
496,Naryan-Mar,RU,67.6713,53.087,47.08,90,100,4.03,overcast clouds
497,Saint-Joseph,RE,-21.3667,55.6167,70.18,81,27,11.59,light rain
498,Toamasina,MG,-18.1667,49.3833,66.2,94,75,4.61,broken clouds
499,La Orilla,MX,17.9833,-102.2333,74.95,96,100,2.86,overcast clouds
500,Sibu,MY,2.3,111.8167,75.51,88,40,0.0,moderate rain
501,Zhezkazgan,KZ,47.8043,67.7144,55.58,24,0,9.51,clear sky
502,Soe,ID,-9.8607,124.284,63.64,78,57,3.98,broken clouds
503,Asyut,EG,27.181,31.1837,82.58,24,0,4.32,clear sky
504,Brazzaville,CG,-4.2658,15.2832,81.19,55,100,3.2,overcast clouds
505,Mombetsu,JP,44.3525,143.3525,65.46,93,100,4.61,light rain
506,Petropavlovsk-Kamchatskiy,RU,53.0452,158.6483,32.59,86,0,4.47,clear sky
507,Camacha,PT,33.0833,-16.3333,69.22,78,40,11.5,scattered clouds
508,Petukhovo,RU,55.0692,67.9019,57.96,33,100,9.17,overcast clouds
509,Arbuzynka,UA,47.9097,31.3196,52.79,69,100,18.61,overcast clouds
510,Kastamonu,TR,41.5,33.6667,61.93,86,68,4.99,broken clouds
511,General Roca,AR,-39.0333,-67.5833,45.63,55,100,15.43,overcast clouds
512,Along,IN,28.1667,94.7667,73.56,98,54,1.83,broken clouds
513,Maceio,BR,-9.6658,-35.7353,78.24,78,40,11.5,scattered clouds
514,Salinas,US,36.6777,-121.6555,74.01,54,75,26.46,broken clouds
515,Kamensk-Uralskiy,RU,56.4185,61.9329,58.14,89,99,3.4,overcast clouds
516,Araguaina,BR,-7.1911,-48.2072,96.31,18,60,5.21,broken clouds
517,Nongan,CN,44.382,125.1685,44.92,68,0,6.24,clear sky
518,Pyay,MM,18.8167,95.2167,74.66,97,96,6.17,overcast clouds
519,Serenje,ZM,-13.2325,30.2352,66.15,33,20,4.27,few clouds
520,Broken Hill,AU,-31.95,141.4333,48.22,88,57,6.44,broken clouds
521,Green River,US,41.5286,-109.4662,75.97,30,1,5.99,clear sky
522,Kalmunai,LK,7.4167,81.8167,79.77,76,100,3.24,overcast clouds
523,Rawson,AR,-43.3002,-65.1023,46.2,61,100,18.92,overcast clouds
524,Iberia,US,29.9502,-91.7507,87.06,74,20,6.91,few clouds
525,Agadez,NE,19.75,10.25,93.81,25,84,10.65,broken clouds
526,Salalah,OM,17.0151,54.0924,80.69,94,75,4.61,broken clouds
527,Sadove,UA,46.2487,30.1795,56.7,62,2,11.52,clear sky
528,Santa Vitoria Do Palmar,BR,-33.5189,-53.3681,60.21,76,100,9.75,overcast clouds
529,Clyde,US,41.3042,-82.9752,81.7,53,100,14.88,overcast clouds
530,Yenagoa,NG,4.9247,6.2642,74.77,92,97,4.03,overcast clouds
531,Joshimath,IN,30.5667,79.5667,65.23,79,21,3.18,few clouds
532,Isiro,CD,2.7739,27.616,64.87,99,73,1.39,moderate rain
533,Lasa,IT,46.6166,10.7002,56.28,73,59,6.53,broken clouds
534,Shingu,JP,33.7333,135.9833,79.5,94,100,17.38,overcast clouds
535,Bandarban,BD,22.1965,92.2262,75.51,99,92,2.1,overcast clouds
536,Neuquen,AR,-38.9516,-68.0591,46.29,66,100,8.05,overcast clouds
537,Killam,CA,52.7834,-111.8518,66.15,37,32,12.66,scattered clouds
538,Mae Ramat,TH,16.984,98.5166,76.8,100,100,1.63,overcast clouds
539,Werda,BW,-25.2667,23.2833,70.84,28,90,3.71,overcast clouds
540,Brownwood,US,31.7093,-98.9912,98.6,46,0,12.71,clear sky
541,Huejuquilla El Alto,MX,22.6,-103.8667,76.68,50,98,9.8,overcast clouds
542,Coffs Harbour,AU,-30.3,153.1333,51.76,93,46,4.61,scattered clouds
543,Alyangula,AU,-13.8483,136.4192,77.34,83,54,9.44,broken clouds
544,Saint-Augustin,CA,51.226,-58.6502,47.19,64,100,18.84,overcast clouds
545,Taguatinga,BR,-12.3857,-46.5711,91.27,23,55,8.43,broken clouds
546,Were Ilu,ET,10.6,39.4333,51.21,91,77,5.73,moderate rain
547,Izacic,BA,44.875,15.7819,48.51,89,44,5.32,scattered clouds
548,Gazli,UZ,40.1333,63.45,74.7,20,3,11.18,clear sky
549,Atar,MR,20.5169,-13.0499,90.66,24,100,6.4,overcast clouds
550,Channel-Port Aux Basques,CA,47.5702,-59.1367,53.87,62,27,25.1,scattered clouds
551,Krasnyy Chikoy,RU,50.3643,108.7512,32.95,93,4,3.38,clear sky
552,Haveli,PK,30.4502,73.6989,81.3,51,0,5.59,clear sky
553,New Richmond,US,45.123,-92.5366,71.28,68,40,4.61,scattered clouds
554,Hauterive,FR,46.0901,3.4459,48.96,59,1,2.21,clear sky
555,Prado,BR,-17.3411,-39.2208,70.95,72,89,8.97,overcast clouds
556,Brookhaven,US,31.5791,-90.4407,87.46,59,30,2.62,scattered clouds
557,Vila,PT,42.0304,-8.1588,67.08,65,88,2.71,overcast clouds
558,Muisne,EC,0.6,-80.0333,74.46,81,96,9.82,overcast clouds
559,The Valley,AI,18.217,-63.0578,84.06,89,20,14.97,few clouds
560,Fare,PF,-16.7,-151.0167,78.8,70,0,18.23,clear sky
561,Ondangwa,NA,-17.9167,15.95,72.39,29,10,16.98,clear sky
562,Novogurovskiy,RU,54.4678,37.3428,56.26,98,98,14.79,overcast clouds
563,Egvekinot,RU,66.3167,-179.1667,36.0,82,100,3.58,overcast clouds
564,Ibotirama,BR,-12.1853,-43.2206,89.56,30,86,9.42,overcast clouds
565,Poopo,BO,-18.3667,-66.9667,66.97,10,53,10.13,broken clouds
566,Sambava,MG,-14.2667,50.1667,68.09,88,7,10.33,light rain
567,Vrontados,GR,38.4089,26.1328,71.46,94,0,2.3,clear sky
568,Strezhevoy,RU,60.7333,77.5889,50.7,95,100,12.88,overcast clouds
569,Segezha,RU,63.7415,34.3222,47.14,92,62,6.13,broken clouds
570,Constantine,DZ,36.365,6.6147,67.41,82,75,16.11,thunderstorm with rain
571,Chicama,PE,-7.8447,-79.1469,61.34,68,40,9.75,scattered clouds
572,Show Low,US,34.2542,-110.0298,80.89,27,20,14.97,few clouds
573,Meadow Lake,US,34.8014,-106.5436,90.39,22,2,13.33,clear sky
574,Red Wing,US,44.5625,-92.5338,70.79,74,40,4.61,scattered clouds
575,Kuah,MY,6.3265,99.8432,76.98,88,20,3.44,few clouds
576,Polyarnyy,RU,69.1989,33.4478,46.47,97,100,14.7,overcast clouds
577,Elliot Lake,CA,46.3834,-82.6331,72.77,75,94,4.12,overcast clouds
578,Ponnani,IN,10.767,75.9252,76.32,88,100,6.29,overcast clouds
579,Sechura,PE,-5.5569,-80.8222,75.2,60,16,14.45,few clouds
580,Ekhabi,RU,53.5102,142.9671,51.96,97,100,15.17,overcast clouds
581,Lac Du Bonnet,CA,50.2536,-96.0612,68.94,59,100,8.7,overcast clouds
582,Pangnirtung,CA,66.1451,-65.7125,50.0,57,20,4.61,few clouds
583,Chara,RU,56.9064,118.2631,26.46,64,3,4.65,clear sky
584,Bunia,CD,1.5667,30.25,63.18,88,95,2.17,overcast clouds
585,Kavaratti,IN,10.5669,72.642,80.44,80,98,10.38,overcast clouds
586,Bocaiuva,BR,-17.1078,-43.815,85.71,39,72,7.14,broken clouds
587,Yerbogachen,RU,61.2767,108.0108,41.32,94,100,7.99,light rain
588,Tigzirt,DZ,36.8886,4.1198,74.48,81,86,17.16,overcast clouds
589,Tlacotepec,MX,20.0667,-97.8667,67.55,96,97,3.65,overcast clouds
590,Krasnoye,UA,49.9145,24.6134,46.87,91,100,16.4,overcast clouds
591,Port Blair,IN,11.6667,92.75,81.45,80,100,17.92,overcast clouds
592,Tautira,PF,-17.7333,-149.15,78.22,70,26,18.41,scattered clouds
593,Valparaiso,CL,-33.0393,-71.6273,59.23,100,20,11.5,few clouds
594,Celestun,MX,20.8667,-90.4,87.12,67,2,16.11,clear sky
595,Aborlan,PH,9.4352,118.5492,78.15,84,79,2.71,broken clouds
596,Koundara,GN,12.4833,-13.3,72.54,98,92,4.12,overcast clouds
597,Cockburn Town,TC,21.4612,-71.1419,87.76,62,40,13.8,scattered clouds
598,Akureyri,IS,65.6835,-18.0878,46.33,87,0,3.44,clear sky
599,Mercedes,AR,-34.6515,-59.4307,68.79,51,100,3.58,overcast clouds
600,Luyang,CN,27.6239,110.0989,72.97,78,30,2.75,scattered clouds
601,Santo Tomas,PH,14.1079,121.1414,75.56,92,100,1.9,overcast clouds
602,Macklin,CA,52.3334,-109.9348,66.54,29,26,10.63,scattered clouds
603,Kuldiga,LV,56.974,21.9572,53.29,97,27,4.12,scattered clouds
604,Gornyak,RU,50.9942,81.4661,45.84,56,0,5.64,clear sky
605,Issoire,FR,45.55,3.25,47.46,58,0,2.62,clear sky
606,Makakilo City,US,21.3469,-158.0858,81.68,67,100,10.36,overcast clouds
607,Luwuk,ID,-0.9516,122.7875,76.08,83,82,3.33,broken clouds
608,Lafia,NG,8.4833,8.5167,73.63,96,88,4.07,moderate rain
609,Tazovskiy,RU,67.4667,78.7,44.46,93,100,9.66,light rain
610,Burns Lake,CA,54.2331,-125.7533,56.62,35,100,4.63,overcast clouds
611,San Jeronimo,PE,-11.9472,-75.2829,63.73,45,45,9.98,scattered clouds
612,Masingbi,SL,8.7833,-11.95,71.33,99,100,1.72,overcast clouds
613,Presidencia Roque Saenz Pena,AR,-26.7852,-60.4388,90.82,31,43,5.66,scattered clouds
614,Ballina,AU,-28.8667,153.5667,62.02,61,0,6.15,clear sky
615,Qui Nhon,VN,13.7667,109.2333,78.6,81,100,4.65,overcast clouds
616,Store Heddinge,DK,55.3097,12.3889,51.48,76,98,12.06,overcast clouds
617,Guadalupe Victoria,MX,32.2869,-115.105,95.18,19,0,2.04,clear sky
618,Karatau,KZ,43.1667,70.4667,60.98,29,0,4.63,clear sky
619,Calama,CL,-22.4667,-68.9333,68.49,14,0,28.77,clear sky
620,Domna,RU,51.8971,113.1573,26.76,68,3,4.47,clear sky
621,Awjilah,LY,29.1081,21.2869,84.42,21,0,5.84,clear sky
622,Derzhavinsk,KZ,51.1,66.3167,55.85,30,0,7.67,clear sky
623,Ajdabiya,LY,30.7554,20.2263,79.09,56,0,8.68,clear sky
624,Tabuk,PH,17.4189,121.4443,72.52,93,94,2.39,overcast clouds
625,Tomatlan,MX,19.9333,-105.25,81.64,72,100,12.91,overcast clouds
626,Adrar,MR,20.5022,-10.0711,90.32,24,59,7.61,broken clouds
627,Sungairaya,ID,0.7,108.9,77.22,89,100,2.66,overcast clouds
628,Mariinsk,RU,56.2139,87.7472,40.46,80,44,3.65,scattered clouds
629,Krasnokamensk,RU,50.0979,118.0369,31.26,56,0,8.25,clear sky
630,Port Lincoln,AU,-34.7333,135.8667,48.61,78,0,6.2,clear sky
631,Soyo,AO,-6.1349,12.3689,74.08,87,100,7.7,overcast clouds
632,Santa Rosa,PH,14.3122,121.1114,78.12,93,100,4.76,overcast clouds
633,Lewiston,US,44.1003,-70.2148,68.59,81,75,6.91,broken clouds
634,Ushumun,RU,52.7833,126.5333,33.1,63,100,19.86,overcast clouds
635,Beringovskiy,RU,63.05,179.3167,39.24,82,100,9.13,overcast clouds
636,Raudeberg,NO,61.9875,5.1352,48.87,69,85,20.69,light rain
637,Batagay-Alyta,RU,67.8006,130.4114,22.89,64,18,4.61,few clouds
638,Ketchikan,US,55.3422,-131.6461,61.27,63,0,11.5,clear sky
639,Boyolangu,ID,-8.1181,111.8935,74.23,90,74,4.88,broken clouds
640,Ahipara,NZ,-35.1667,173.1667,61.05,87,100,14.07,light rain
641,Dourbali,TD,11.8091,15.8632,78.22,73,97,5.53,overcast clouds
642,Brainerd,US,46.358,-94.2008,71.85,68,0,5.75,clear sky
643,Qandala,SO,11.472,49.8728,89.2,53,5,4.7,clear sky
644,Wajima,JP,37.4,136.9,78.64,86,100,5.12,overcast clouds
645,Krasnomayskiy,RU,57.6194,34.4099,48.31,94,100,9.91,moderate rain
646,Korem,ET,12.5058,39.5228,55.65,82,100,5.7,light rain
647,Tezu,IN,27.9167,96.1667,75.7,94,31,3.69,scattered clouds
648,Mayor Pablo Lagerenza,PY,-19.9309,-60.7718,102.47,17,14,13.18,few clouds
649,Kargil,IN,34.5667,76.1,52.32,45,0,4.79,clear sky
650,Yeniseysk,RU,58.4497,92.1703,48.49,76,100,2.75,overcast clouds
651,Sungaipenuh,ID,-2.0833,101.3833,64.69,91,100,1.52,overcast clouds
652,Batagay,RU,67.6333,134.6333,31.57,98,100,4.5,light snow
653,Terrak,NO,65.087,12.3715,49.87,90,88,4.63,overcast clouds
654,Okato,NZ,-39.2,173.8833,54.91,50,100,21.25,light rain
655,Manacor,ES,39.5696,3.2096,70.39,61,38,9.4,scattered clouds
656,Huanren,CN,41.2647,125.3667,46.24,83,0,5.03,clear sky
657,Senneterre,CA,48.3835,-77.2328,57.47,54,100,7.36,overcast clouds
658,Serebriya,UA,48.4559,27.7192,50.0,78,99,14.14,overcast clouds
659,Gornyy,RU,55.1153,83.9059,42.44,69,8,3.18,clear sky
660,Juba,SS,4.8517,31.5825,73.74,76,82,2.71,broken clouds
661,Wajid,SO,3.8093,43.2471,77.25,63,82,20.33,broken clouds
662,Kropotkin,RU,45.4375,40.5756,77.2,45,60,13.44,broken clouds
663,Jardim,BR,-21.4803,-56.1381,90.93,29,0,5.39,clear sky
664,Tambacounda,SN,13.7539,-13.7586,82.45,89,0,2.3,clear sky
665,Venado Tuerto,AR,-33.7456,-61.9688,64.78,77,100,2.71,light rain
666,Shimoda,JP,34.6667,138.95,79.11,91,97,10.76,overcast clouds
667,Hanna,CA,51.6334,-111.9018,65.86,37,77,3.0,broken clouds
668,Llangefni,GB,53.2556,-4.3106,58.86,82,100,3.44,overcast clouds
669,Jalu,LY,29.0331,21.5482,84.4,21,0,4.92,clear sky
670,Belozerskoye,RU,55.8214,65.5842,60.12,77,91,4.76,overcast clouds
671,Santa Lucia,ES,27.9117,-15.5407,67.32,83,40,6.91,scattered clouds
672,Merauke,ID,-8.4667,140.3333,77.04,90,54,10.49,moderate rain
673,Paidha,UG,2.4167,30.9855,61.07,88,99,5.41,overcast clouds
674,Rio Verde De Mato Grosso,BR,-18.9181,-54.8442,96.04,23,29,7.16,scattered clouds
675,Cusuna,HN,15.85,-85.2333,84.69,71,60,10.25,broken clouds
676,Wahiawa,US,21.5028,-158.0236,79.18,70,100,10.36,overcast clouds
677,Pietarsaari,FI,63.65,22.6833,50.13,95,100,3.0,overcast clouds
678,Rio Gallegos,AR,-51.6226,-69.2181,51.85,37,0,11.5,clear sky
679,Faya,SA,18.3851,42.4509,71.71,55,80,3.65,broken clouds
680,Nouadhibou,MR,20.931,-17.0347,73.38,78,0,20.71,clear sky
681,Constitucion,CL,-35.3333,-72.4167,51.85,56,2,16.4,clear sky
682,Shellbrook,CA,53.2168,-106.4011,69.03,28,38,14.43,scattered clouds
683,Malanje,AO,-9.5402,16.341,68.23,67,44,4.07,scattered clouds
684,Nizhniy Kuranakh,RU,58.8353,125.4869,28.33,85,98,8.59,overcast clouds
685,Kungurtug,RU,50.5994,97.5228,34.65,84,6,1.57,clear sky
686,Ulagan,RU,50.6321,87.9563,38.07,56,0,2.62,clear sky
687,Jumla,NP,29.2747,82.1838,61.21,94,100,0.67,overcast clouds
688,Shunyi,CN,40.125,116.6453,67.95,34,0,6.71,clear sky
689,Diapaga,BF,12.0708,1.7889,73.18,92,89,4.07,overcast clouds
